City_ID,City,Lat,Lng,Max Temp,Humidity,Cloudiness,Wind Speed,Country,Date
0,haiku-pauwela,20.9219,-156.3051,297.74,88,40,5.66,US,1689875423
1,port-aux-francais,-49.35,70.2167,275.13,60,64,16.75,TF,1689875325
2,seydi,39.4816,62.9137,302.9,18,0,5.39,TM,1689875423
3,college,64.8569,-147.8028,290.41,94,100,1.54,US,1689875423
4,puerto ayora,-0.7393,-90.3518,297.9,97,63,4.92,EC,1689875423
5,ar ruways,24.1103,52.7306,306.22,68,92,4.97,AE,1689875423
6,kapuskasing,49.4169,-82.4331,291.2,88,75,1.54,CA,1689875424
7,san andres,12.5847,-81.7006,304.16,74,40,7.2,CO,1689875348
8,lebu,-37.6167,-73.65,285.69,97,100,9.65,CL,1689875193
9,adamstown,-25.066,-130.1015,296.06,80,99,16.15,PN,1689875424
10,mornant,45.6167,4.6667,300.45,44,42,2.97,FR,1689875424
11,talnakh,69.4865,88.3972,289.38,96,57,3.11,RU,1689875216
12,ryotsu-minato,38.0833,138.4333,294.58,88,13,1.45,JP,1689875425
13,nova sintra,14.8667,-24.7167,297.22,73,82,0.93,CV,1689875425
14,hwange,-18.3693,26.5019,291.54,29,0,1.75,ZW,1689875216
15,west island,-12.1568,96.8225,298.14,73,40,7.72,CC,1689875425
16,kodiak,57.79,-152.4072,283.88,100,75,0.0,US,1689875186
17,edinburgh of the seven seas,-37.0676,-12.3116,284.97,58,29,10.4,SH,1689875183
18,uyuni,-20.4597,-66.825,286.4,13,6,3.53,BO,1689875426
19,grytviken,-54.2811,-36.5092,268.27,87,100,1.31,GS,1689875426
20,port elizabeth,-33.918,25.5701,285.31,54,75,4.63,ZA,1689875397
21,alofi,-19.0595,-169.9187,296.09,68,100,3.6,NU,1689875254
22,margaret river,-33.95,115.0667,287.84,73,53,8.08,AU,1689875202
23,iqaluit,63.7506,-68.5145,278.0,93,100,2.57,CA,1689875322
24,fomeque,4.488,-73.8975,295.57,73,81,2.76,CO,1689875427
25,ola,59.5833,151.2833,286.54,87,47,1.14,RU,1689875427
26,papatowai,-46.5619,169.4708,278.54,71,6,7.9,NZ,1689875362
27,fuqing,25.725,119.3794,301.02,96,100,1.46,CN,1689875428
28,san antonio de pale,-1.4014,5.6325,296.9,83,79,5.11,GQ,1689875428
29,fortuna,40.5982,-124.1573,290.18,96,100,3.6,US,1689875428
30,kish,26.5578,54.0194,306.3,89,90,3.09,IR,1689875428
31,whitehorse,60.7161,-135.0538,292.09,51,75,2.06,CA,1689875348
32,isafjordur,66.0755,-23.124,283.17,87,40,3.09,IS,1689875322
33,sandnessjoen,66.0217,12.6316,289.44,77,75,1.54,NO,1689875429
34,peace river,56.2501,-117.286,296.32,60,75,1.03,CA,1689875275
35,udachny,66.4167,112.4,286.18,93,95,0.11,RU,1689875429
36,remire-montjoly,4.9167,-52.2667,305.17,62,75,4.63,GF,1689875430
37,hermanus,-34.4187,19.2345,284.71,71,3,7.74,ZA,1689875200
38,tadine,-21.55,167.8833,292.3,67,3,5.76,NC,1689875431
39,ust'-kut,56.7938,105.7672,286.85,77,1,0.95,RU,1689875431
40,mount gambier,-37.8333,140.7667,279.75,81,33,1.89,AU,1689875430
41,invercargill,-46.4,168.35,276.03,84,4,4.07,NZ,1689875432
42,hami,42.8,93.45,306.4,12,78,3.8,CN,1689875432
43,weyburn,49.6668,-103.8511,296.27,43,85,4.12,CA,1689875278
44,waitangi,-43.9535,-176.5597,279.72,93,97,1.34,NZ,1689875183
45,emerald,-23.5333,148.1667,287.01,88,50,3.05,AU,1689875329
46,ushuaia,-54.8,-68.3,272.96,93,100,2.06,AR,1689875166
47,monterey,36.2505,-121.2516,302.92,17,0,1.19,US,1689875218
48,kirensk,57.7853,108.1119,286.91,78,15,0.08,RU,1689875433
49,salida,37.7058,-121.0849,309.76,44,0,3.09,US,1689875379
50,torghay,49.6339,63.4981,294.59,57,80,2.8,KZ,1689875433
51,kristiansund,63.1115,7.732,288.18,67,40,3.09,NO,1689875434
52,acarau,-2.8856,-40.12,303.61,50,0,8.24,BR,1689875434
53,thompson,55.7435,-97.8558,297.24,53,75,3.09,CA,1689875434
54,gubkinskiy,64.434,76.5026,294.63,51,74,5.15,RU,1689875434
55,la jagua de ibirico,9.5623,-73.3341,312.27,30,21,0.76,CO,1689875434
56,ladario,-19.0047,-57.6017,301.31,57,0,3.6,BR,1689875435
57,palikir - national government center,6.9248,158.1611,298.56,94,100,0.0,FM,1689875212
58,saurimo,-9.6608,20.3916,296.53,27,8,1.5,AO,1689875435
59,cocachacra,-17.0883,-71.7575,293.37,67,18,3.25,PE,1689875435
60,shache,38.4167,77.2406,306.07,18,87,5.66,CN,1689875436
61,yellowknife,62.456,-114.3525,298.46,50,75,3.09,CA,1689875436
62,promyshlennaya,54.9159,85.6385,291.68,95,75,2.75,RU,1689875436
63,bredasdorp,-34.5322,20.0403,281.78,79,19,4.17,ZA,1689875325
64,puerto natales,-51.7236,-72.4875,274.9,99,100,2.52,CL,1689875330
65,kakching,24.4833,93.9833,294.97,98,95,1.27,IN,1689875436
66,ribeira grande,38.5167,-28.7,296.37,83,40,2.06,PT,1689875189
67,sitka,57.0531,-135.33,288.09,77,75,0.0,US,1689875437
68,longyearbyen,78.2186,15.6401,285.06,66,20,8.23,SJ,1689875437
69,campo verde,-20.4167,-54.0667,302.28,40,66,5.09,BR,1689875437
70,bethel,41.3712,-73.414,303.99,60,75,2.57,US,1689875257
71,juan griego,11.0817,-63.9655,304.22,66,47,6.69,VE,1689875438
72,ust-nera,64.5667,143.2,293.16,47,64,2.54,RU,1689875438
73,odda,60.0691,6.5457,285.55,88,100,2.14,NO,1689875438
74,flying fish cove,-10.4217,105.6791,296.97,78,100,5.66,CX,1689875438
75,lae,-6.7221,146.9847,295.89,88,19,2.41,PG,1689875438
76,arraial do cabo,-22.9661,-42.0278,296.07,60,40,6.17,BR,1689875208
77,northam,51.0333,-4.2167,291.7,80,17,5.54,GB,1689875439
78,enewetak,11.3474,162.3373,301.66,77,87,4.87,MH,1689875439
79,fisterra,42.9049,-9.2629,295.23,81,0,4.07,ES,1689875439
80,nelson,-41.2833,173.2833,282.75,63,97,3.13,NZ,1689875439
81,churapcha,62.0025,132.4325,286.28,98,100,4.08,RU,1689875439
82,daru,-9.0763,143.2092,297.73,80,89,4.98,PG,1689875340
83,greenville,35.6127,-77.3663,305.45,65,0,1.54,US,1689875440
84,luderitz,-26.6481,15.1594,288.03,56,0,6.42,NA,1689875212
85,puerto carreno,6.189,-67.4859,304.14,66,40,2.57,CO,1689875440
86,badger,64.8,-147.5333,290.1,93,100,1.54,US,1689875356
87,launceston,-41.45,147.1667,279.95,96,100,0.51,AU,1689875240
88,williams lake,52.1415,-122.1445,302.62,38,0,3.09,CA,1689875440
89,ad dabbah,18.05,30.95,311.59,13,29,1.71,SD,1689875441
90,margate,51.3813,1.3862,293.64,77,69,1.79,GB,1689875204
91,martakert,40.2104,46.821,297.56,65,1,2.51,AZ,1689875441
92,gebeit,21.0667,36.3167,306.21,18,12,4.91,SD,1689875441
93,pambujan,12.5642,124.9276,298.21,92,87,1.18,PH,1689875442
94,ilulissat,69.2167,-51.1,283.16,87,75,2.06,GL,1689875442
95,bilibino,68.0546,166.4372,287.13,68,98,0.51,RU,1689875442
96,aginskoye,51.1,114.53,287.14,52,16,0.9,RU,1689875442
97,blackmans bay,-43.0167,147.3167,278.44,88,61,2.75,AU,1689875442
98,dolores,-36.3132,-57.6792,287.98,63,91,4.67,AR,1689875442
99,hasaki,35.7333,140.8333,298.32,89,5,5.12,JP,1689875443
100,fernie,49.5,-115.0687,296.2,28,2,1.96,CA,1689875443
101,nuku'alofa,-21.1333,-175.2,293.34,94,100,4.63,TO,1689875443
102,itoman,26.1247,127.6694,301.36,83,40,1.54,JP,1689875374
103,salinopolis,-0.6136,-47.3561,301.99,69,2,5.25,BR,1689875444
104,belgrade,44.804,20.4651,301.96,59,0,3.6,RS,1689875444
105,petropavlovsk-kamchatsky,53.0452,158.6483,284.48,100,100,2.0,RU,1689875327
106,albany,42.6001,-73.9662,302.53,49,3,0.89,US,1689875407
107,beyneu,45.3167,55.2,302.58,35,60,6.08,KZ,1689875444
108,port moresby,-9.4431,147.1797,294.83,94,40,2.57,PG,1689875444
109,kati,12.7441,-8.0726,306.82,42,62,3.28,ML,1689875445
110,yuzhno-kurilsk,44.0306,145.8556,286.05,94,6,2.45,RU,1689875445
111,lihue,21.9789,-159.3672,299.92,77,100,8.23,US,1689875214
112,kuchera,26.9839,73.9719,306.35,56,71,2.79,IN,1689875445
113,avarua,-21.2078,-159.775,294.18,60,75,2.06,CK,1689875210
114,arroio grande,-32.2375,-53.0869,287.95,87,100,2.74,BR,1689875445
115,labytnangi,66.6572,66.4183,292.71,82,100,2.19,RU,1689875446
116,hammerfest,70.6634,23.6821,282.4,93,75,5.14,NO,1689875446
117,birao,10.2849,22.7882,298.74,75,87,2.22,CF,1689875446
118,hawaiian paradise park,19.5933,-154.9731,297.06,98,100,2.06,US,1689875196
119,kilindoni,-7.9139,39.6668,298.3,81,0,7.2,TZ,1689875446
120,labrador city,52.9463,-66.9114,289.1,67,100,2.57,CA,1689875410
121,tazovsky,67.4667,78.7,292.09,74,67,3.6,RU,1689875273
122,atafu village,-8.5421,-172.5159,301.27,79,25,5.01,TK,1689875447
123,hamilton,39.1834,-84.5333,304.69,69,75,4.12,US,1689875376
124,tidjikja,18.5564,-11.4271,309.69,26,86,8.1,MR,1689875447
125,kailua-kona,19.6406,-155.9956,300.13,89,100,1.79,US,1689875203
126,ijui,-28.3878,-53.9147,293.16,77,94,3.86,BR,1689875448
127,mana,5.6592,-53.7767,301.48,74,9,4.42,GF,1689875448
128,al kharijah,25.4514,30.5464,308.91,14,0,1.3,EG,1689875448
129,kayangel,8.0823,134.7173,301.73,79,98,8.75,PW,1689875448
130,stanley,54.868,-1.6985,289.66,86,75,2.57,GB,1689875168
131,namie,37.4833,141.0,295.77,91,72,2.08,JP,1689875448
132,verkhovazh'ye,60.7472,42.0465,287.6,98,100,4.35,RU,1689875449
133,lethem,3.3803,-59.7968,304.28,58,27,1.37,GY,1689875449
134,holualoa,19.6228,-155.9522,298.06,88,100,0.45,US,1689875421
135,altamont,42.2068,-121.7372,302.47,45,0,2.57,US,1689875405
136,kingston,17.997,-76.7936,304.68,70,40,6.69,JM,1689875449
137,salekhard,66.53,66.6019,292.25,84,100,3.24,RU,1689875450
138,taltal,-25.4,-70.4833,291.34,73,71,1.59,CL,1689875351
139,bayganin,48.6947,55.8742,296.07,54,60,2.86,KZ,1689875450
140,olonkinbyen,70.9221,-8.7187,278.93,83,100,0.96,SJ,1689875450
141,xuchang,34.0167,113.8167,298.85,91,87,2.23,CN,1689875450
142,georgetown,5.4112,100.3354,301.12,85,20,1.54,MY,1689875451
143,muli,2.9167,73.5667,301.59,73,68,3.96,MV,1689875451
144,qamdo,31.1667,97.2333,277.14,74,51,1.09,CN,1689875451
145,nar'yan-mar,67.6713,53.087,285.45,87,98,6.75,RU,1689875435
146,tarakan,3.3,117.6333,299.63,83,95,2.34,ID,1689875451
147,thinadhoo,0.5333,72.9333,301.53,77,93,7.41,MV,1689875367
148,baskil,38.5679,38.8238,304.06,22,0,1.27,TR,1689875452
149,christchurch,-43.5333,172.6333,276.75,74,60,2.06,NZ,1689875249
150,klyuchi,52.2667,79.1667,293.89,59,45,3.07,RU,1689875367
151,lazaro cardenas,17.9583,-102.2,305.11,59,99,0.69,MX,1689875274
152,tarnogskiy gorodok,60.4997,43.5761,287.5,98,100,3.86,RU,1689875452
153,ourem,39.6417,-8.5919,297.38,61,0,6.25,PT,1689875452
154,fort st. john,56.2499,-120.8529,293.09,60,0,0.0,CA,1689875453
155,letterkenny,54.95,-7.7333,290.09,68,72,4.36,IE,1689875215
156,coaldale,49.7167,-112.6185,299.7,41,0,3.6,CA,1689875453
157,long beach,33.767,-118.1892,307.77,69,0,3.6,US,1689875453
158,malanje,-9.5402,16.341,297.08,30,42,2.41,AO,1689875453
159,la passe,45.5549,-0.8967,297.28,67,81,6.05,FR,1689875454
160,sardarshahr,28.4333,74.4833,309.4,44,98,3.49,IN,1689875454
161,mahomet,40.1953,-88.4042,305.45,76,22,2.24,US,1689875454
162,thunder bay,48.4001,-89.3168,295.1,56,20,3.6,CA,1689875296
163,panacan,9.2463,118.4082,299.62,84,99,0.41,PH,1689875454
164,soio,-6.1349,12.3689,295.21,76,23,3.0,AO,1689875454
165,bel ombre,-4.6167,55.4167,300.06,83,40,5.66,SC,1689875455
166,zemio,5.0314,25.1361,294.4,96,91,1.27,CF,1689875455
167,port lincoln,-34.7333,135.8667,283.6,67,41,3.14,AU,1689875352
168,waingapu,-9.6567,120.2641,295.06,81,2,2.62,ID,1689875455
169,kievka,50.2619,71.5514,292.96,54,20,2.15,KZ,1689875456
170,barentu,15.1139,37.5928,301.09,55,100,3.99,ER,1689875456
171,puerto lempira,15.2667,-83.7667,301.23,74,75,4.63,HN,1689875456
172,tiksi,71.6872,128.8694,278.86,69,38,5.39,RU,1689875202
173,uturoa,-16.7333,-151.4333,297.8,64,38,8.66,PF,1689875457
174,kirakira,-10.4544,161.9205,299.08,88,94,2.15,SB,1689875261
175,papao,-17.75,-149.55,296.97,65,50,7.97,PF,1689875457
176,leava,-14.3,-178.1667,300.66,81,95,5.0,WF,1689875457
177,tual,-5.6667,132.75,299.44,79,40,7.97,ID,1689875457
178,bamboo flat,11.7,92.7167,301.2,83,75,5.14,IN,1689875458
179,okhotsk,59.3833,143.3,284.69,93,77,1.41,RU,1689875458
180,port mathurin,-19.6833,63.4167,296.55,71,13,8.55,MU,1689875333
181,novyye lyady,58.0536,56.6039,290.73,88,18,2.48,RU,1689875458
182,keflavik,64.0049,-22.5624,285.39,87,75,2.57,IS,1689875459
183,anadyr,64.75,177.4833,284.43,87,100,4.0,RU,1689875459
184,susuman,62.7833,148.1667,289.92,73,41,2.65,RU,1689875459
185,kelowna,49.8831,-119.4857,303.78,30,0,1.03,CA,1689875460
186,guerrero negro,27.9769,-114.0611,297.89,60,79,5.76,MX,1689875460
187,makokou,0.5738,12.8642,298.13,68,80,1.08,GA,1689875460
188,colonia,50.9333,6.95,296.28,46,0,3.09,DE,1689875460
189,nuriootpa,-34.4833,139.0,277.25,91,0,1.61,AU,1689875461
190,east london,-33.0153,27.9116,282.67,81,40,1.54,ZA,1689875324
191,jalqani,12.4486,34.2186,300.1,71,100,5.13,SD,1689875461
192,rikaze,29.25,88.8833,289.91,46,31,1.32,CN,1689875461
193,filey,54.21,-0.2892,290.97,83,99,0.89,GB,1689875461
194,comodoro rivadavia,-45.8667,-67.5,286.07,58,100,3.6,AR,1689875461
195,punta arenas,-53.15,-70.9167,275.09,64,99,6.29,CL,1689875182
196,vila velha,-20.3297,-40.2925,297.12,79,75,6.69,BR,1689875284
197,bulford,51.1893,-1.7601,293.58,60,75,7.72,GB,1689875462
198,vernal,40.4555,-109.5287,297.96,59,0,3.09,US,1689875181
199,codrington,-38.2667,141.9667,280.11,76,47,4.0,AU,1689875463
200,mancio lima,-7.6142,-72.8958,302.19,70,75,3.09,BR,1689875463
201,al bawiti,28.3492,28.8659,306.83,16,0,4.59,EG,1689875463
202,utrik,11.2278,169.8474,301.59,77,86,8.13,MH,1689875236
203,freetown,8.484,-13.2299,300.99,78,40,7.72,SL,1689875463
204,kadugli,11.0167,29.7167,299.03,67,67,1.3,SD,1689875464
205,mochudi,-24.4167,26.15,291.48,53,41,6.67,BW,1689875464
206,bin yauri,10.7823,4.8114,302.21,65,35,2.72,NG,1689875464
207,wynyard,-41.0,145.7167,280.14,86,23,3.81,AU,1689875464
208,mili,6.0815,171.735,301.5,81,93,8.76,MH,1689875465
209,dawson creek,55.7666,-120.2362,297.76,53,20,2.57,CA,1689875250
210,odesskoye,54.2111,72.9651,293.69,62,42,3.66,RU,1689875465
211,pisco,-13.7,-76.2167,294.18,73,100,3.09,PE,1689875465
212,concepcion del oro,24.6333,-101.4167,298.4,24,73,3.39,MX,1689875466
213,sinabang,2.4803,96.3801,298.89,82,96,1.87,ID,1689875328
214,essaouira,31.5125,-9.77,301.87,54,0,8.75,MA,1689875466
215,valley city,46.9233,-98.0032,295.44,64,40,5.66,US,1689875466
216,acapulco de juarez,16.8634,-99.8901,306.23,57,36,4.18,MX,1689875457
217,monrovia,6.3005,-10.7969,298.02,89,100,5.29,LR,1689875294
218,tam ky,15.5667,108.4833,298.95,90,22,1.4,VN,1689875466
219,batouri,4.4333,14.3667,295.13,92,77,1.26,CM,1689875467
220,katsuura,35.1333,140.3,296.26,92,12,4.21,JP,1689875467
221,timbuktu,16.7735,-3.0074,311.47,27,39,6.81,ML,1689875378
222,dudinka,69.4058,86.1778,289.61,95,37,3.53,RU,1689875244
223,kiunga,-6.1219,141.2906,295.81,92,98,1.37,PG,1689875466
224,ingeniero jacobacci,-41.3427,-69.5448,283.43,58,98,11.32,AR,1689875468
225,farafangana,-22.8167,47.8333,294.53,86,51,1.44,MG,1689875468
226,tolanaro,-25.0319,46.9987,294.19,94,20,2.06,MG,1689875468
227,pohang,36.0322,129.365,295.35,92,34,0.77,KR,1689875468
228,karystos,38.0133,24.4161,306.7,46,0,0.56,GR,1689875468
229,juneau,58.3019,-134.4197,291.54,92,75,2.06,US,1689875469
230,geraldton,-28.7667,114.6,279.38,93,0,4.12,AU,1689875382
231,vilyuchinsk,52.9306,158.4028,285.3,96,98,0.39,RU,1689875298
232,mawlamyinegyunn,16.3833,95.2667,297.9,95,99,2.15,MM,1689875469
233,prineville,44.2999,-120.8345,303.59,23,0,2.06,US,1689875469
234,zigong,29.3416,104.7769,297.19,97,97,2.29,CN,1689875463
235,maintirano,-18.0667,44.0167,296.76,78,0,5.31,MG,1689875470
236,bomdila,27.25,92.4,289.01,95,95,1.7,IN,1689875470
237,jamestown,42.097,-79.2353,300.07,53,20,5.66,US,1689875214
238,sisimiut,66.9395,-53.6735,283.53,92,100,1.12,GL,1689875470
239,island harbour,50.724,-1.2758,293.81,63,62,1.34,GB,1689875470
240,ulanhot,46.0833,122.0833,294.43,78,97,3.55,CN,1689875470
241,khandyga,62.6667,135.6,287.88,90,86,1.19,RU,1689875471
242,harstad,68.799,16.5293,290.26,100,59,4.02,NO,1689875471
243,quepos,9.4236,-84.1652,303.79,70,38,2.76,CR,1689875471
244,rongelap,11.1635,166.8941,301.85,80,100,7.31,MH,1689875471
245,ponta delgada,37.7333,-25.6667,295.55,83,40,3.6,PT,1689875472
246,veszprem,47.0933,17.9115,297.63,45,67,2.58,HU,1689875472
247,omdurman,15.6445,32.4777,311.2,23,70,6.31,SD,1689875472
248,laguna,38.421,-121.4238,308.2,48,0,2.06,US,1689875472
249,constantia,44.1833,28.65,298.53,73,32,5.1,RO,1689875473
250,timimoun,29.2639,0.231,318.36,7,40,7.72,DZ,1689875473
251,matam,15.6175,-13.3303,305.15,66,0,1.03,SN,1689875473
252,al jawf,29.5,38.75,306.74,13,0,3.64,SA,1689875473
253,hegang,47.4,130.3667,292.69,93,52,1.09,CN,1689875428
254,bakanas,44.8081,76.2772,302.99,18,0,4.27,KZ,1689875474
255,dolbeau-mistassini,48.8763,-72.212,294.41,59,97,1.8,CA,1689875474
256,santiago de chuco,-8.15,-78.1833,291.59,38,6,4.55,PE,1689875474
257,den burg,53.0542,4.7972,292.04,73,75,3.09,NL,1689875215
258,palmer,42.1584,-72.3287,302.96,44,20,2.57,US,1689875212
259,qiqihar,47.3408,123.9672,292.43,69,53,2.69,CN,1689875474
260,natal,-5.795,-35.2094,301.27,65,75,7.72,BR,1689875214
261,adrar,20.5022,-10.0711,315.59,6,2,6.18,MR,1689875475
262,pacific grove,36.6177,-121.9166,292.49,94,100,4.47,US,1689875460
263,qaqortoq,60.7167,-46.0333,280.88,90,100,2.55,GL,1689875475
264,iskateley,67.6803,53.1512,285.39,87,98,6.7,RU,1689875475
265,golfito,8.639,-83.166,305.16,65,24,2.57,CR,1689875475
266,rukungiri,-0.8411,29.9419,292.86,53,69,1.05,UG,1689875476
267,capitan bado,-23.2667,-55.5333,299.55,47,2,6.97,PY,1689875273
268,nagqu,31.5,92.0,276.09,64,3,1.91,CN,1689875358
269,sao vicente,-23.9631,-46.3919,299.25,51,75,5.14,BR,1689875434
270,staraya russa,57.9944,31.3608,288.87,62,87,2.55,RU,1689875476
271,mil'kovo,55.6078,37.7956,291.88,72,38,3.66,RU,1689875477
272,keelakarai,9.2333,78.7833,302.43,62,100,9.68,IN,1689875477
273,inhapi,-9.2214,-37.7486,298.57,53,72,6.52,BR,1689875477
274,kuanda,56.3161,116.0806,282.84,88,39,0.86,RU,1689875477
275,carnarvon,-24.8667,113.6333,287.32,46,0,8.73,AU,1689875194
276,zhanaozen,43.3,52.8,300.99,29,0,4.32,KZ,1689875478
277,lompoc,34.6391,-120.4579,295.84,100,100,2.57,US,1689875211
278,sinop,41.7711,34.8709,292.52,81,0,1.21,TR,1689875274
279,fale old settlement,-9.3852,-171.2468,301.28,78,23,5.76,TK,1689875480
280,kani keli,-12.9536,45.1033,298.74,77,88,6.67,YT,1689875480
281,severo-yeniseyskiy,60.3725,93.0408,287.46,59,4,1.82,RU,1689875480
282,lerwick,60.1545,-1.1494,283.15,83,99,8.13,GB,1689875481
283,pyhajarvi,67.0701,27.2176,284.82,98,100,1.79,FI,1689875481
284,mareeba,-17.0,145.4333,291.55,98,39,0.86,AU,1689875481
285,san patricio,28.017,-97.5169,309.91,41,35,6.7,US,1689875482
286,ouled mimoun,34.9047,-1.0339,304.16,26,20,3.42,DZ,1689875482
287,kangding,30.0513,101.9603,289.18,99,100,0.82,CN,1689875482
288,san gabriel,34.0961,-118.1058,311.88,42,0,0.0,US,1689875245
289,turkmenbasy,40.0222,52.9552,303.58,23,0,6.17,TM,1689875482
290,vadso,70.0744,29.7487,282.64,93,75,9.77,NO,1689875483
291,karratha,-20.7377,116.8463,292.76,44,4,4.09,AU,1689875205
292,carrizo springs,28.5219,-99.8606,309.49,36,0,6.36,US,1689875483
293,walvis bay,-22.9575,14.5053,287.68,77,5,3.09,NA,1689875483
294,novoanninskiy,50.5287,42.6747,292.31,60,60,2.61,RU,1689875483
295,zaozersk,69.4005,32.4476,282.17,92,100,8.59,RU,1689875484
296,hachinohe,40.5,141.5,289.99,96,4,1.18,JP,1689875484
297,saldanha,-33.0117,17.9442,285.18,67,0,5.16,ZA,1689875484
298,male,4.1748,73.5089,301.12,89,75,4.12,MV,1689875484
299,newman,37.3138,-121.0208,302.34,18,0,2.3,US,1689875484
300,el bauga,18.262,33.9081,311.42,10,59,2.7,SD,1689875485
301,dickinson,29.4608,-95.0513,310.94,56,40,4.12,US,1689875485
302,saipan,15.1355,145.701,300.73,100,0,3.09,MP,1689875186
303,illizi,26.4833,8.4667,313.04,11,0,6.81,DZ,1689875485
304,st. john's,47.5649,-52.7093,302.19,70,75,7.2,CA,1689875400
305,borovskoy,53.8,64.15,291.14,83,97,4.68,KZ,1689875486
306,minas de marcona,-15.2119,-75.1103,291.76,58,29,4.23,PE,1689875486
307,port alfred,-33.5906,26.891,286.49,53,66,5.86,ZA,1689875424
308,puerto deseado,-47.7503,-65.8938,282.11,74,100,3.07,AR,1689875486
309,tabou,4.423,-7.3528,298.69,86,84,5.47,CI,1689875487
310,brisas de zicatela,15.8369,-97.0419,305.09,57,8,3.04,MX,1689875487
311,ha tinh,18.3333,105.9,299.38,90,89,0.53,VN,1689875487
312,patterson,37.4716,-121.1297,299.12,18,0,2.62,US,1689875377
313,greymouth,-42.4667,171.2,278.32,83,87,5.72,NZ,1689875488
314,nemuro,43.3236,145.575,286.91,93,8,1.93,JP,1689875488
315,lorengau,-2.0226,147.2712,300.11,81,14,4.01,PG,1689875488
316,umatilla,45.5001,-118.5014,300.89,24,0,1.54,US,1689875488
317,port saint john's,-31.6229,29.5448,287.39,55,93,1.71,ZA,1689875214
318,gorontalo,0.5412,123.0595,297.07,93,15,1.83,ID,1689875489
319,naama,33.2667,-0.3167,311.78,7,28,3.77,DZ,1689875489
320,aykhal,66.0,111.5,287.27,73,100,2.15,RU,1689875489
321,bocanda,7.0626,-4.4995,298.42,92,55,2.45,CI,1689875489
322,wailua homesteads,22.0669,-159.378,299.59,85,100,8.23,US,1689875341
323,key largo,25.0865,-80.4473,306.15,68,78,4.88,US,1689875477
324,puerto baquerizo moreno,-0.9,-89.6,300.7,78,20,4.63,EC,1689875211
325,belmonte,-15.8631,-38.8828,298.37,64,92,4.7,BR,1689875490
326,upata,8.0086,-62.3989,301.59,51,91,2.93,VE,1689875490
327,stawell,-37.05,142.7667,276.2,90,4,1.57,AU,1689875490
328,tateyama,34.9833,139.8667,296.05,90,22,3.94,JP,1689875491
329,sur,22.5667,59.5289,306.45,54,99,3.17,OM,1689875491
330,tura,25.5198,90.2201,297.96,95,100,1.71,IN,1689875491
331,ilheus,-14.7889,-39.0494,297.05,83,75,5.14,BR,1689875491
332,malvan,16.0667,73.4667,299.5,85,100,8.0,IN,1689875491
333,damboa,11.156,12.7576,296.09,74,97,4.31,NG,1689875492
334,icano,-28.9193,-65.3282,294.06,34,12,4.98,AR,1689875492
335,loukhi,66.0764,33.0381,288.5,93,100,2.97,RU,1689875492
336,nur-sultan,51.1801,71.446,296.12,53,0,3.0,KZ,1689875193
337,sarangani,5.4033,125.4636,301.71,73,55,5.17,PH,1689875492
338,gobernador virasora,-28.05,-56.0333,297.88,68,81,1.34,AR,1689875493
339,broome,42.2506,-75.833,302.98,51,20,2.06,US,1689875493
340,castillos,-34.1667,-53.8333,288.11,77,100,4.01,UY,1689875498
341,lionel town,17.8101,-77.2406,305.09,60,68,9.4,JM,1689875498
342,vorgashor,67.5833,63.95,292.74,72,97,2.55,RU,1689875498
343,ende,-8.8432,121.6623,296.5,87,72,1.39,ID,1689875498
344,tommot,58.9564,126.2925,284.0,96,90,1.63,RU,1689875499
345,horta,38.5333,-28.6333,295.95,90,40,2.06,PT,1689875396
346,yaren,-0.5472,166.916,300.49,80,74,5.72,NR,1689875209
347,el charco,2.4769,-78.1105,304.31,68,41,3.71,CO,1689875499
348,ebon,4.582,168.6964,301.38,79,99,6.84,MH,1689875499
349,weining,26.85,104.2333,288.49,95,98,2.18,CN,1689875499
350,zeya,53.75,127.2667,285.59,95,12,1.93,RU,1689875500
351,new norfolk,-42.7826,147.0587,279.1,96,53,1.28,AU,1689875462
352,visakhapatnam,17.69,83.2093,301.09,83,75,2.06,IN,1689875403
353,pacocha,-17.5833,-71.3333,291.23,77,100,4.12,PE,1689875500
354,visby,57.6409,18.296,291.5,55,0,6.69,SE,1689875501
355,zhezqazghan,47.7833,67.7667,301.47,26,48,2.71,KZ,1689875501
356,pudasjarvi,65.3833,26.9167,288.68,87,99,2.72,FI,1689875231
357,mount isa,-20.7333,139.5,293.02,52,100,4.12,AU,1689875411
358,pandan,14.0453,124.1694,299.65,87,100,2.37,PH,1689875501
359,montehermoso,40.0437,-6.3389,303.63,20,0,7.52,ES,1689875501
360,alice springs,-23.7,133.8833,280.9,81,40,3.09,AU,1689875217
361,sultanah,24.4926,39.5857,313.4,5,0,5.66,SA,1689875502
362,namibe,-15.1961,12.1522,291.81,79,33,3.77,AO,1689875502
363,sarina,-21.4333,149.2167,291.27,88,77,2.06,AU,1689875502
364,kollam,8.8833,76.6,298.78,90,91,4.77,IN,1689875502
365,zainsk,55.3195,52.0694,290.7,63,48,3.53,RU,1689875502
366,jiayuguan,39.8167,98.3,296.66,26,0,2.47,CN,1689875502
367,fyodorovka,53.6314,62.7078,290.28,71,61,3.84,KZ,1689875503
368,fort-shevchenko,44.5086,50.263,298.75,65,0,4.39,KZ,1689875503
369,andergrove,-21.0833,149.1833,291.16,83,75,2.08,AU,1689875503
370,pagar alam,-4.0167,103.2667,293.08,94,100,0.88,ID,1689875503
371,khorixas,-20.3667,14.9667,289.06,43,0,3.12,NA,1689875503
372,khanty-mansiysk,61.0042,69.0019,294.21,73,0,3.13,RU,1689875504
373,hithadhoo,-0.6,73.0833,301.44,76,26,8.96,MV,1689875504
374,nguigmi,14.2495,13.1092,303.0,53,10,3.63,NE,1689875504
375,san luis de la loma,17.2706,-100.8939,306.85,53,52,4.77,MX,1689875504
376,turpan,42.9333,89.1667,309.65,20,86,1.74,CN,1689875283
377,nandu,22.8525,110.8233,298.95,93,99,0.82,CN,1689875504
378,usinsk,65.9939,57.5281,292.36,72,86,2.6,RU,1689875505
379,regina,50.4501,-104.6178,297.06,54,75,2.57,CA,1689875216
380,shimla,31.1,77.1667,292.01,88,93,1.39,IN,1689875505
381,rumoi,43.9344,141.6428,290.74,94,7,2.12,JP,1689875505
382,magadan,59.5667,150.8,286.48,87,48,2.26,RU,1689875506
383,holdrege,40.4403,-99.3698,297.38,64,0,3.09,US,1689875506
384,chinde,26.8418,88.0763,294.29,82,85,1.53,NP,1689875506
385,robore,-18.3333,-59.75,300.2,54,0,0.0,BO,1689875506
386,ulsteinvik,62.3432,5.8487,288.65,90,99,0.89,NO,1689875507
387,champerico,14.3,-91.9167,306.45,71,5,2.78,GT,1689875482
388,merizo village,13.2658,144.6691,301.46,90,99,3.42,GU,1689875326
389,egilsstadir,65.2653,-14.3948,283.1,71,0,7.72,IS,1689875477
390,altamira,-3.2033,-52.2064,307.2,55,40,2.57,BR,1689875450
391,phan rang-thap cham,11.5667,108.9833,298.9,85,42,1.57,VN,1689875508
392,inverloch,-38.6333,145.7167,283.2,81,84,6.75,AU,1689875508
393,yemetsk,63.4721,41.7941,291.54,90,82,2.26,RU,1689875508
394,kapa'a,22.0752,-159.319,300.33,81,100,8.23,US,1689875508
395,hoemul-li,41.4339,129.67,293.71,95,12,0.5,KP,1689875508
396,tinghir,31.5157,-5.5343,307.99,8,9,6.03,MA,1689875509
397,cabo san lucas,22.8909,-109.9124,309.6,46,20,1.54,MX,1689875268
398,basco,20.4487,121.9702,302.28,76,15,6.12,PH,1689875509
399,konarka,19.9,86.1167,300.37,87,100,2.87,IN,1689875509
400,kaa-khem,51.6833,94.7333,293.72,42,82,2.67,RU,1689875509
401,luanda,-8.8368,13.2343,295.15,88,20,4.12,AO,1689875286
402,portland,45.5234,-122.6762,298.96,57,20,1.34,US,1689875328
403,hobyo,5.3505,48.5268,298.76,80,85,12.82,SO,1689875510
404,st. paul,44.9444,-93.0933,296.24,66,100,7.2,US,1689875507
405,obihiro,42.9172,143.2044,287.08,96,8,0.58,JP,1689875510
406,jefferson city,38.5767,-92.1735,305.33,73,0,4.12,US,1689875421
407,tyukalinsk,55.8732,72.1967,293.21,69,58,2.29,RU,1689875510
408,najran,17.4924,44.1277,309.51,12,98,2.05,SA,1689875441
409,rosetta,31.4044,30.4164,299.66,76,0,3.99,EG,1689875511
410,vaskelovo,60.3693,30.3534,288.51,67,100,3.95,RU,1689875511
411,rodolfo sanchez taboada,31.7167,-116.5667,296.54,77,93,1.34,MX,1689875511
412,homosassa springs,28.8036,-82.5759,307.73,66,75,2.06,US,1689875511
413,chibougamau,49.9168,-74.3659,291.94,68,100,2.22,CA,1689875397
414,alpu,39.769,30.9606,302.3,35,0,3.68,TR,1689875512
415,punta de bombon,-17.1717,-71.7931,291.62,73,38,2.81,PE,1689875512
416,ar rutbah,33.0381,40.2848,308.06,11,0,4.71,IQ,1689875512
417,south hedland,-20.4089,118.5983,291.11,52,38,2.57,AU,1689875512
418,ta`u,-14.2336,-169.5144,299.27,77,100,9.95,AS,1689875512
419,nelson bay,-32.7167,152.15,285.93,49,1,4.02,AU,1689875513
420,gogrial,8.5332,28.1004,301.27,58,73,1.51,SS,1689875513
421,crucecita,-28.95,-58.9833,295.99,48,85,4.48,AR,1689875513
422,opuwo,-18.0607,13.84,289.52,24,0,2.32,NA,1689875513
423,the pas,53.8251,-101.2541,297.16,46,0,1.54,CA,1689875448
424,tarawa,1.419,172.984,299.2,94,75,0.0,KI,1689875513
425,dubuque,42.4833,-90.8668,299.61,52,40,5.66,US,1689875402
426,qarazhal,48.0078,70.7903,300.01,26,34,0.76,KZ,1689875514
427,touros,-5.1989,-35.4608,300.58,64,22,9.04,BR,1689875514
428,chapaev,50.2,51.1667,294.23,49,36,3.86,KZ,1689875514
429,praia da vitoria,38.7333,-27.0667,296.29,88,75,1.89,PT,1689875514
430,sao gabriel da cachoeira,-0.1303,-67.0892,304.04,84,20,2.06,BR,1689875453
431,hadibu,12.65,54.0333,298.58,79,100,8.28,YE,1689875515
432,bodo,67.28,14.405,289.17,80,40,3.13,NO,1689875515
433,quellon,-43.1167,-73.6167,287.29,72,75,6.69,CL,1689875515
434,mansa,29.9833,75.3833,308.29,48,48,1.96,IN,1689875515
435,tweed heads,-28.1817,153.547,282.17,93,0,0.51,AU,1689875267
436,katsuren-haebaru,26.3369,127.8719,301.36,78,20,0.0,JP,1689875516
437,sitangkai,4.6628,119.3928,301.52,74,53,2.42,PH,1689875516
438,kuta,-8.7233,115.1723,297.12,83,40,1.54,ID,1689875516
439,sao borja,-28.6606,-56.0044,298.12,71,93,3.75,BR,1689875516
440,aripuana,-9.1667,-60.6333,309.33,22,41,1.85,BR,1689875248
441,kupang,-10.1667,123.5833,297.72,74,66,6.44,ID,1689875442
442,saint-francois,46.4154,3.9054,299.84,36,0,3.09,FR,1689875399
443,kavaratti,10.5669,72.642,301.34,81,100,8.42,IN,1689875241
444,coquimbo,-29.9533,-71.3436,290.0,77,100,2.57,CL,1689875517
445,necochea,-38.5473,-58.7368,286.12,59,98,6.64,AR,1689875517
446,jagannathpur,22.2333,85.65,298.59,92,98,3.3,IN,1689875517
447,zhigalovo,54.8097,105.1578,286.02,72,51,1.32,RU,1689875517
448,afif,23.9065,42.9172,306.12,12,59,4.93,SA,1689875518
449,anna regina,7.2644,-58.5077,302.63,66,21,4.15,GY,1689875518
450,san pedro pochutla,15.7333,-96.4667,307.99,49,2,3.47,MX,1689875457
451,silver city,32.7701,-108.2803,309.63,18,0,2.68,US,1689875518
452,fortaleza,-3.7227,-38.5247,303.22,48,0,10.29,BR,1689875387
453,puerto armuelles,8.2833,-82.8667,306.14,81,24,1.79,PA,1689875518
454,guapo,-16.8306,-49.5319,303.36,28,39,5.55,BR,1689875519
455,murun-kuren,49.6342,100.1625,286.4,82,26,0.84,MN,1689875519
456,vila franca do campo,37.7167,-25.4333,295.38,68,100,0.1,PT,1689875229
457,andilamena,-17.0167,48.5833,289.79,91,100,1.8,MG,1689875519
458,naze,28.3667,129.4833,298.66,84,100,2.65,JP,1689875519
459,canutama,-6.5339,-64.3831,309.86,24,6,2.06,BR,1689875520
460,saudarkrokur,65.7461,-19.6394,283.58,73,81,2.22,IS,1689875520
461,nantucket,41.2835,-70.0995,301.23,89,0,2.06,US,1689875381
462,pindiga,9.9833,10.9333,302.15,50,71,1.19,NG,1689875520
463,kachug,53.9606,105.8817,285.91,68,97,1.72,RU,1689875520
464,progreso,21.2833,-89.6667,308.77,64,41,6.77,MX,1689875520
465,aitape,-3.1374,142.3475,298.82,83,56,2.47,PG,1689875521
466,port blair,11.6667,92.75,301.17,83,75,5.14,IN,1689875521
467,sol'-iletsk,51.1631,54.9918,291.64,52,68,3.01,RU,1689875521
468,murzuq,25.9155,13.9184,307.05,15,0,4.8,LY,1689875521
469,shumikha,55.2261,63.2961,291.17,76,89,4.32,RU,1689875521
470,muang phon-hong,18.4928,102.4172,297.54,96,97,0.41,LA,1689875522
471,crane,31.3974,-102.3501,308.29,27,91,7.95,US,1689875522
472,cannonvale,-20.2833,148.7,293.81,86,16,3.85,AU,1689875522
473,simanggang,1.2472,111.4528,297.14,100,100,0.0,MY,1689875523
474,mani,4.8172,-72.2886,302.95,63,84,2.09,CO,1689875523
475,aasiaat,68.7098,-52.8699,277.45,97,100,5.83,GL,1689875523
476,mpulungu,-8.7623,31.1141,296.61,41,1,2.93,ZM,1689875523
477,montepuez,-13.1256,38.9997,295.23,59,47,3.57,MZ,1689875523
478,tagiura,32.8817,13.3506,303.59,56,0,3.19,LY,1689875524
479,kununurra,-15.7667,128.7333,294.14,46,46,1.54,AU,1689875524
480,general roca,-39.0333,-67.5833,290.09,39,99,7.03,AR,1689875524
481,poltar,48.4309,19.7941,293.07,60,23,2.27,SK,1689875525
482,galveston,29.3669,-94.9669,309.31,60,20,5.14,US,1689875525
483,paysandu,-32.3214,-58.0756,289.04,59,88,4.96,UY,1689875525
484,mirny,62.5353,113.9611,287.52,77,40,2.36,RU,1689875525
485,fada,9.5667,8.3,295.23,94,95,0.59,NG,1689875525
486,argo,37.6333,22.7333,305.81,42,1,1.34,GR,1689875262
487,arkhipo-osipovka,44.37,38.52,295.41,57,0,5.47,RU,1689875526
488,afaahiti,-17.75,-149.2833,296.08,66,65,8.58,PF,1689875321
489,santa rosa,14.3122,121.1114,301.14,92,79,2.02,PH,1689875516
490,stanthorpe,-28.6667,151.95,279.01,56,0,1.98,AU,1689875526
491,longboat key,27.4125,-82.659,308.24,59,0,5.14,US,1689875313
492,milford haven,51.7128,-5.0341,291.96,64,46,4.81,GB,1689875527
493,portstewart,55.1813,-6.714,289.98,79,43,5.89,GB,1689875527
494,kill devil hills,36.0307,-75.676,305.15,72,0,2.06,US,1689875527
495,dauphin,51.1494,-100.0502,297.23,57,0,2.57,CA,1689875528
496,forster,-32.1667,152.5167,282.21,49,6,3.42,AU,1689875528
497,sidi bennour,32.6524,-8.4277,300.38,45,3,7.34,MA,1689875528
498,manado,1.487,124.8455,297.58,88,40,0.51,ID,1689875530
499,ketchikan,55.3422,-131.6461,291.41,77,40,4.12,US,1689875395
500,hilo,19.7297,-155.09,297.18,99,100,2.06,US,1689875530
501,kiuruvesi,63.65,26.6167,288.71,84,100,1.65,FI,1689875531
502,puerto san jose,13.9256,-90.8244,304.68,58,3,3.28,GT,1689875531
503,bitkine,11.9801,18.2138,298.1,68,100,0.85,TD,1689875531
504,alliance,40.9153,-81.1059,301.83,73,55,5.27,US,1689875376
505,namsos,64.4662,11.4957,288.1,63,40,3.09,NO,1689875532
506,gwadar,25.1216,62.3254,301.14,84,70,7.41,PK,1689875532
507,broken hill,-31.95,141.4333,281.45,74,80,5.5,AU,1689875352
508,benguela,-12.5763,13.4055,293.03,81,17,0.47,AO,1689875533
509,tsiombe,-25.3,45.4833,292.19,87,6,2.98,MG,1689875533
510,weno,7.4515,151.8468,302.12,84,100,1.54,FM,1689875533
511,taroa,8.7058,171.2275,301.49,82,100,8.55,MH,1689875343
512,kuraymah,18.55,31.85,311.35,12,14,1.14,SD,1689875534
513,zuya,45.0531,34.3154,294.6,70,56,2.21,UA,1689875534
514,bandar abbas,27.1865,56.2808,308.14,71,98,2.06,IR,1689875534
515,chiredzi,-21.05,31.6667,288.59,82,48,5.73,ZW,1689875534
516,yulinshi,38.2906,109.7494,294.87,66,69,2.82,CN,1689875535
517,chonchi,-42.6128,-73.8092,286.55,78,66,4.63,CL,1689875535
518,faya-largeau,17.9257,19.1043,309.46,31,5,5.58,TD,1689875535
519,santa cruz,-17.8,-63.1667,299.85,47,20,7.72,BO,1689875254
520,east ballina,-28.8667,153.5833,281.93,54,0,3.6,AU,1689875535
521,aban,56.67,96.06,288.11,66,0,3.05,RU,1689875536
522,mungwi,-10.1732,31.3694,291.05,38,0,2.68,ZM,1689875536
523,sidareja,-7.4846,108.7923,295.17,96,65,0.5,ID,1689875536
524,gympie,-26.1898,152.665,282.46,94,0,1.13,AU,1689875716
525,ancud,-41.8697,-73.8203,284.58,88,58,8.58,CL,1689875638
526,neusiedl am see,47.9357,16.8325,300.92,43,64,3.99,AT,1689875717
527,martil,35.6166,-5.2752,306.13,35,0,6.69,MA,1689875717
528,antofagasta,-23.65,-70.4,291.75,64,36,2.99,CL,1689875717
529,sarupathar,26.1984,93.8094,299.6,92,100,0.88,IN,1689875718
530,alo,7.4178,6.7371,298.3,92,70,2.02,NG,1689875718
531,tibanbang,6.6315,126.1055,299.88,82,81,2.57,PH,1689875718
532,cruzeiro do sul,-29.5128,-51.9853,297.08,74,100,2.04,BR,1689875718
533,talara,-4.5772,-81.2719,302.57,58,0,6.17,PE,1689875719
534,rumphi,-11.0186,33.8575,289.37,60,2,1.91,MW,1689875719
535,uttar char fasson,22.2332,90.7132,301.23,87,96,7.18,BD,1689875719
536,isangel,-19.55,169.2667,294.29,78,83,6.52,VU,1689875719
537,kabansk,52.0486,106.6528,283.92,96,74,1.04,RU,1689875720
538,mangai,-4.05,19.5333,300.81,35,59,0.69,CD,1689875720
539,hirara,24.8,125.2833,300.07,89,40,2.06,JP,1689875720
540,maragogi,-9.0122,-35.2225,298.94,71,49,6.74,BR,1689875461
541,yatou,37.15,122.3833,294.69,82,63,1.12,CN,1689875721
542,grand falls-windsor,48.9332,-55.6649,296.19,80,100,3.11,CA,1689875721
543,igarka,67.4667,86.5833,289.28,97,100,5.05,RU,1689875721
544,shar,49.5886,81.0453,297.26,42,39,2.03,KZ,1689875721
545,lafayette,30.2335,-92.0668,308.73,64,40,1.54,US,1689875721
546,sao joao da barra,-21.6403,-41.0511,293.2,68,98,6.09,BR,1689875722
547,vada,51.97,5.6667,294.74,57,100,2.06,NL,1689875722
548,kupino,54.3663,77.2981,291.51,87,95,5.03,RU,1689875722
549,grand-lahou,5.1367,-5.0242,298.65,86,38,4.31,CI,1689875722
550,banda aceh,5.5577,95.3222,299.82,78,38,6.42,ID,1689875723
551,jasidih,24.5167,86.65,303.05,70,87,3.98,IN,1689875723
552,nogliki,51.8333,143.1667,284.54,98,98,2.37,RU,1689875723
553,betio village,1.358,172.9211,299.17,78,83,4.79,KI,1689875724
554,ankang,32.68,109.0172,297.3,93,100,0.26,CN,1689875724
555,strezhevoy,60.7333,77.5889,292.02,61,100,2.82,RU,1689875724
556,san nicolas,18.1725,120.5953,299.83,85,16,2.02,PH,1689875724
557,murray bridge,-35.1167,139.2667,281.55,75,12,4.08,AU,1689875724
558,queenstown,-31.8976,26.8753,276.78,85,66,6.34,ZA,1689875725
559,toliara,-23.35,43.6667,293.93,77,64,6.2,MG,1689875725
560,klaksvik,62.2266,-6.589,282.66,93,100,8.3,FO,1689875725
561,santyoku,37.4406,129.1708,295.98,89,44,1.21,KR,1689875725
562,posto fiscal rolim de moura,-13.0833,-62.2667,308.59,26,0,1.63,BR,1689875725
563,kimbe,-5.5502,150.1429,297.01,90,36,2.36,PG,1689875726
564,wau,7.7029,27.9953,297.5,78,76,1.94,SS,1689875726
565,klausdorf,54.309,10.2137,291.62,63,73,5.66,DE,1689875726
566,akrehamn,59.2667,5.1833,287.59,88,75,5.66,NO,1689875726
567,maddagiri,13.6606,77.2092,296.15,72,99,9.28,IN,1689875727
568,bonthe,7.5264,-12.505,299.53,84,100,4.04,SL,1689875727
569,barro alto,-11.7608,-41.9117,301.83,25,14,7.1,BR,1689875727
